Text,Date,Time,Draft,Brand name,Facebook,Instagram,Picture URL 1,Alt text picture 1,Instagram Post Type,Facebook Post Type,Facebook Title,Facebook First Comment Text
"Pergola Entertaining Ideas Australia: 14 Tips That Work

I've had a Gold Coast pergola for 4 years. Here are 14 pergola entertaining ideas that transformed my outdoor space — AUD prices and local retailers included.

Save this post for later. Full guide — link in bio.

#pergolaoutdoorentertainingideasaustralia #pergolaentertainingaustralia #pergolaideasaustralia #outdoorpergoladecor #alfrescopergola #coastalhome #australianhomes #outdoorliving #hamptonsstyle #alfresco",2026-08-13,19:00:00,FALSE,outdoorcoastal_home,FALSE,TRUE,https://raw.githubusercontent.com/badreddineX/coastal-home-au.BLOG/0a33ee7b52c74fa16ccca1b23643c268bb950b78/social-posts/2026-08-13/01-pergola-entertaining-ideas-australia-ig.png,Pergola Entertaining Ideas Australia: 14 Tips That Work,POST,,,
"Australian Beach House Decor Ideas: 13 Proven Tips

I've decorated three Gold Coast coastal homes. Here are 13 Australian beach house decor ideas that actually work — real AUD prices and real local retailers.

Save this post for later. Full guide — link in bio.

#australianbeachhousedecorideas #beachhousedecoraustralia #coastalhousedecor #australianbeachhouseinterior #beachhousestylingaustralia #coastalhome #australianhomes #outdoorliving #hamptonsstyle #alfresco",2026-08-13,21:00:00,FALSE,outdoorcoastal_home,FALSE,TRUE,https://raw.githubusercontent.com/badreddineX/coastal-home-au.BLOG/0a33ee7b52c74fa16ccca1b23643c268bb950b78/social-posts/2026-08-13/02-australian-beach-house-decor-ideas-ig.png,Australian Beach House Decor Ideas: 13 Proven Tips,POST,,,
"Small Backyard Entertaining Australia: 12 Tips That Work

I entertain 12 people regularly in a 6×8m Gold Coast backyard. 12 small backyard entertaining ideas that made it possible — real AUD prices, real results.

Save this post for later. Full guide — link in bio.

#smallbackyardentertainingideasaustralia #smallbackyardideasaustralia #smalloutdoorentertainingspace #compactbackyardentertaining #smallalfrescoideas #coastalhome #australianhomes #outdoorliving #hamptonsstyle #alfresco",2026-08-14,19:00:00,FALSE,outdoorcoastal_home,FALSE,TRUE,https://raw.githubusercontent.com/badreddineX/coastal-home-au.BLOG/0a33ee7b52c74fa16ccca1b23643c268bb950b78/social-posts/2026-08-13/03-small-backyard-entertaining-ideas-australia-ig.png,Small Backyard Entertaining Australia: 12 Tips That Work,POST,,,
"Rattan and Linen Coastal Styling Australia: How to Mix Them

How to style rattan and linen in an Australian coastal home for under $800 AUD — compositions, ratios, colour pairings, and the layering order that works.

Save this post for later. Full guide — link in bio.

#rattanandlinencoastaldecorideas #rattancoastaldecoraustralia #linencoastalinterior #rattanlinenhomedecor #coastalmaterialsaustralia #coastalhome #australianhomes #outdoorliving #hamptonsstyle #alfresco",2026-08-14,21:00:00,FALSE,outdoorcoastal_home,FALSE,TRUE,https://raw.githubusercontent.com/badreddineX/coastal-home-au.BLOG/0a33ee7b52c74fa16ccca1b23643c268bb950b78/social-posts/2026-08-13/04-rattan-linen-coastal-decor-australia-ig.png,Rattan and Linen Coastal Styling Australia: How to Mix Them,POST,,,
"Outdoor Christmas Entertaining Australia: 12 Hosting Tips

How to host a backyard Christmas in Australia — starting lunch at 12pm to beat the heat, feeding a crowd outdoors, timing, and setup with real AUD costs.

Save this post for later. Full guide — link in bio.

#outdoorchristmasentertainingaustralia #backyardchristmasaustralia #christmasentertainingideasaustralia #outdoorchristmasideasaustralia #alfrescochristmas #coastalhome #australianhomes #outdoorliving #hamptonsstyle #alfresco",2026-08-15,19:00:00,FALSE,outdoorcoastal_home,FALSE,TRUE,https://raw.githubusercontent.com/badreddineX/coastal-home-au.BLOG/0a33ee7b52c74fa16ccca1b23643c268bb950b78/social-posts/2026-08-13/05-outdoor-christmas-entertaining-australia-ig.png,Outdoor Christmas Entertaining Australia: 12 Hosting Tips,POST,,,
"Coastal Home Decor Australia: 14 Design Tips That Work

I've been refining the coastal home decor look in our Gold Coast home for 5 years. Here are 14 tips that actually work — with real AUD prices and honest advice.

Save this post for later. Full guide — link in bio.

#coastalhomedecor #coastaldecoraustralia #coastalstylehome #beachhousedecor #coastalinterioraustralia #coastalhome #australianhomes #outdoorliving #hamptonsstyle #alfresco",2026-08-15,21:00:00,FALSE,outdoorcoastal_home,FALSE,TRUE,https://raw.githubusercontent.com/badreddineX/coastal-home-au.BLOG/0a33ee7b52c74fa16ccca1b23643c268bb950b78/social-posts/2026-08-13/06-coastal-home-decor-australia-ig.png,Coastal Home Decor Australia: 14 Design Tips That Work,POST,,,
"Coastal Living Room Ideas Australia: 13 Best Tips

I redesigned our Gold Coast living room from scratch using coastal style principles. Here are the 13 tips that worked — with real AUD prices and honest trade-offs.

Save this post for later. Full guide — link in bio.

#coastallivingroomideas #coastallivingroomaustralia #beachhouselivingroom #coastalloungeideas #coastalinteriorlivingroom #coastalhome #australianhomes #outdoorliving #hamptonsstyle #alfresco",2026-08-16,19:00:00,FALSE,outdoorcoastal_home,FALSE,TRUE,https://raw.githubusercontent.com/badreddineX/coastal-home-au.BLOG/0a33ee7b52c74fa16ccca1b23643c268bb950b78/social-posts/2026-08-13/08-coastal-living-room-ideas-australia-ig.png,Coastal Living Room Ideas Australia: 13 Best Tips,POST,,,
"Backyard Entertaining Zones Australia: 14 Layout Tips

How to zone your Australian backyard for entertaining — from shade structures to bar areas, seating zones, and lighting. Real AUD costs for every element included.

Save this post for later. Full guide — link in bio.

#backyardentertainingideasaustralia #backyardentertainingaustralia #outdoorbackyardideas #backyardpartyideasaustralia #alfrescobackyard #coastalhome #australianhomes #outdoorliving #hamptonsstyle #alfresco",2026-08-16,21:00:00,FALSE,outdoorcoastal_home,FALSE,TRUE,https://raw.githubusercontent.com/badreddineX/coastal-home-au.BLOG/0a33ee7b52c74fa16ccca1b23643c268bb950b78/social-posts/2026-08-13/09-backyard-entertaining-ideas-australia-ig.png,Backyard Entertaining Zones Australia: 14 Layout Tips,POST,,,
"Hamptons Style Decor Australia: 13 Tips to Get It Right

Three years building a Hamptons-style home on the Gold Coast. DIY shiplap panelling from $300-$800 and honest advice on where to save, with real AUD prices.

Save this post for later. Full guide — link in bio.

#hamptonsstyledecoraustralia #hamptonsdecoraustralia #hamptonsinterioraustralia #hamptonshomestyle #hamptonslookaustralia #coastalhome #australianhomes #outdoorliving #hamptonsstyle #alfresco",2026-08-17,19:00:00,FALSE,outdoorcoastal_home,FALSE,TRUE,https://raw.githubusercontent.com/badreddineX/coastal-home-au.BLOG/0a33ee7b52c74fa16ccca1b23643c268bb950b78/social-posts/2026-08-13/10-hamptons-style-decor-australia-ig.png,Hamptons Style Decor Australia: 13 Tips to Get It Right,POST,,,
"Coastal Interior Design Principles Australia: 13 Rules

The 13 design principles behind Australian coastal interiors — spatial rules, material logic, and colour theory that professional designers use. Pure technique.

Save this post for later. Full guide — link in bio.

#coastalinteriordesignaustralia #coastalinteriordesign #australiancoastalinterior #coastaldesignprinciples #coastalhomedesign #coastalhome #australianhomes #outdoorliving #hamptonsstyle #alfresco",2026-08-17,21:00:00,FALSE,outdoorcoastal_home,FALSE,TRUE,https://raw.githubusercontent.com/badreddineX/coastal-home-au.BLOG/0a33ee7b52c74fa16ccca1b23643c268bb950b78/social-posts/2026-08-13/11-coastal-interior-design-australia-ig.png,Coastal Interior Design Principles Australia: 13 Rules,POST,,,
"Outdoor Patio Decor Australia: 13 Styling Tips

How to style an existing outdoor patio in Australia — furniture arrangement, rugs, cushions, plants and lighting. Real AUD prices from local retailers throughout.

Save this post for later. Full guide — link in bio.

#outdoorpatiodecoraustralia #patiodecoraustralia #outdoorpatioideasaustralia #alfrescopatiodecor #outdoorstylingaustralia #coastalhome #australianhomes #outdoorliving #hamptonsstyle #alfresco",2026-08-18,19:00:00,FALSE,outdoorcoastal_home,FALSE,TRUE,https://raw.githubusercontent.com/badreddineX/coastal-home-au.BLOG/0a33ee7b52c74fa16ccca1b23643c268bb950b78/social-posts/2026-08-13/12-outdoor-patio-decor-australia-ig.png,Outdoor Patio Decor Australia: 13 Styling Tips,POST,,,
"Australian Home Decor Ideas: 13 Ways to Own the Local Style

Australian home decor beyond coastal clichés — native timbers, indigenous influences, and bush-meets-coast materials. A style that is genuinely local.

Save this post for later. Full guide — link in bio.

#australianhomedecorideas #australianhomedecor #australianinteriordecor #australianstyleinterior #homedecorideasaustralia #coastalhome #australianhomes #outdoorliving #hamptonsstyle #alfresco",2026-08-18,21:00:00,FALSE,outdoorcoastal_home,FALSE,TRUE,https://raw.githubusercontent.com/badreddineX/coastal-home-au.BLOG/0a33ee7b52c74fa16ccca1b23643c268bb950b78/social-posts/2026-08-13/13-australian-home-decor-ideas-ig.png,Australian Home Decor Ideas: 13 Ways to Own the Local Style,POST,,,
"Coastal Home Decor on a Budget Australia: 12 Tips

I transformed my Gold Coast home on a tight budget. Here are 12 high-impact coastal decor changes — all under $150 — with real Australian prices included.

Save this post for later. Full guide — link in bio.

#coastalhomedecoronabudgetaustralia #budgetcoastaldecoraustralia #cheapcoastaldecor #coastaldecorideasaustraliabudget #affordablecoastalhomeaustralia #coastalhome #australianhomes #outdoorliving #hamptonsstyle #alfresco",2026-08-19,19:00:00,FALSE,outdoorcoastal_home,FALSE,TRUE,https://raw.githubusercontent.com/badreddineX/coastal-home-au.BLOG/0a33ee7b52c74fa16ccca1b23643c268bb950b78/social-posts/2026-08-13/14-coastal-home-decor-on-a-budget-australia-ig.png,Coastal Home Decor on a Budget Australia: 12 Tips,POST,,,
"Outdoor Entertaining Area Design Australia: 14 Build Tips

How to design and build an outdoor entertaining area in Australia — pergolas, decking, paving, and structure decisions with real AUD costs and builder tips.

Save this post for later. Full guide — link in bio.

#outdoorentertainingareaideasaustralia #outdoorentertainingareaaustralia #alfrescoareaideas #outdoorentertainmentareadesign #australianalfrescoideas #coastalhome #australianhomes #outdoorliving #hamptonsstyle #alfresco",2026-08-19,21:00:00,FALSE,outdoorcoastal_home,FALSE,TRUE,https://raw.githubusercontent.com/badreddineX/coastal-home-au.BLOG/0a33ee7b52c74fa16ccca1b23643c268bb950b78/social-posts/2026-08-13/15-outdoor-entertaining-area-ideas-australia-ig.png,Outdoor Entertaining Area Design Australia: 14 Build Tips,POST,,,
"Modern Coastal Home Decor Australia: 2026 Trends

How Australian coastal decor has evolved in 2026 — what is out, what replaced it, and which new materials and colours define the current look. Trend-forward guide.

Save this post for later. Full guide — link in bio.

#moderncoastalhomedecoraustralia #moderncoastaldecor #contemporarycoastalinterior #moderncoastalstyleaustralia #updatedcoastalhomedecor #coastalhome #australianhomes #outdoorliving #hamptonsstyle #alfresco",2026-08-20,19:00:00,FALSE,outdoorcoastal_home,FALSE,TRUE,https://raw.githubusercontent.com/badreddineX/coastal-home-au.BLOG/0a33ee7b52c74fa16ccca1b23643c268bb950b78/social-posts/2026-08-13/17-modern-coastal-home-decor-australia-ig.png,Modern Coastal Home Decor Australia: 2026 Trends,POST,,,
"Boho Coastal Home Decor Australia: 12 Styling Tips

Boho coastal has the most personality of any coastal style. Here's how to do it right in an Australian home — specific styling ideas and real AUD prices.

Save this post for later. Full guide — link in bio.

#bohocoastalhomedecoraustralia #bohocoastaldecor #bohemiancoastalstyle #bohobeachhouseaustralia #bohocoastalinterioraustralia #coastalhome #australianhomes #outdoorliving #hamptonsstyle #alfresco",2026-08-20,21:00:00,FALSE,outdoorcoastal_home,FALSE,TRUE,https://raw.githubusercontent.com/badreddineX/coastal-home-au.BLOG/0a33ee7b52c74fa16ccca1b23643c268bb950b78/social-posts/2026-08-13/18-boho-coastal-home-decor-australia-ig.png,Boho Coastal Home Decor Australia: 12 Styling Tips,POST,,,
"Summer Backyard Party Australia: 13 Setup and Styling Tips

How to set up a summer backyard party in Australia — layout, shade, food stations, drinks, and lighting. Real AUD costs and specific product picks.

Save this post for later. Full guide — link in bio.

#summerbackyardpartyideasaustralia #backyardpartyideasaustralia #summerpartyaustralia #australiansummerparty #outdoorpartyideasaustralia #coastalhome #australianhomes #outdoorliving #hamptonsstyle #alfresco",2026-08-21,19:00:00,FALSE,outdoorcoastal_home,FALSE,TRUE,https://raw.githubusercontent.com/badreddineX/coastal-home-au.BLOG/0a33ee7b52c74fa16ccca1b23643c268bb950b78/social-posts/2026-08-13/19-summer-backyard-party-ideas-australia-ig.png,Summer Backyard Party Australia: 13 Setup and Styling Tips,POST,,,
"Outdoor Christmas Decor Australia: 12 Styling Ideas

Style your outdoor space for Christmas in Australia with 12 tips — decor, colour schemes, and festoon lighting. Real AUD prices from Australian retailers.

Save this post for later. Full guide — link in bio.

#outdoorchristmasdecorideasaustralia #outdoorchristmasdecoraustralia #australianoutdoorchristmas #christmasoutdoordecoratingaustralia #alfrescochristmasdecor #coastalhome #australianhomes #outdoorliving #hamptonsstyle #alfresco",2026-08-21,21:00:00,FALSE,outdoorcoastal_home,FALSE,TRUE,https://raw.githubusercontent.com/badreddineX/coastal-home-au.BLOG/0a33ee7b52c74fa16ccca1b23643c268bb950b78/social-posts/2026-08-13/20-outdoor-christmas-decor-ideas-australia-ig.png,Outdoor Christmas Decor Australia: 12 Styling Ideas,POST,,,
"Australia Day Backyard Party: 13 Tips for January 26

Five years hosting Australia Day backyard parties on the Gold Coast. Here are 13 tips for a great day — food, styling, games, and beating the January heat.

Save this post for later. Full guide — link in bio.

#australiadaybackyardpartyideas #australiadaypartyideas #australiadaybackyard #january26partyaustralia #australiadaycelebrationideas #coastalhome #australianhomes #outdoorliving #hamptonsstyle #alfresco",2026-08-22,19:00:00,FALSE,outdoorcoastal_home,FALSE,TRUE,https://raw.githubusercontent.com/badreddineX/coastal-home-au.BLOG/0a33ee7b52c74fa16ccca1b23643c268bb950b78/social-posts/2026-08-13/21-australia-day-backyard-party-ideas-ig.png,Australia Day Backyard Party: 13 Tips for January 26,POST,,,
"Summer Entertaining Ideas Australia: Hosting Tips

The Australian summer lunch and dinner party — menu ideas, grazing tables, drink pairings, and hosting flow that works outdoors. Personal tips with AUD costs.

Save this post for later. Full guide — link in bio.

#summerentertainingideasaustralia #summerentertainingaustralia #australiansummerhosting #summerpartyideasaustralia #outdoorsummerentertainingaustralia #coastalhome #australianhomes #outdoorliving #hamptonsstyle #alfresco",2026-08-22,21:00:00,FALSE,outdoorcoastal_home,FALSE,TRUE,https://raw.githubusercontent.com/badreddineX/coastal-home-au.BLOG/0a33ee7b52c74fa16ccca1b23643c268bb950b78/social-posts/2026-08-13/22-summer-entertaining-ideas-australia-ig.png,Summer Entertaining Ideas Australia: Hosting Tips,POST,,,
"Easter Outdoor Decor Australia: 12 Alfresco Ideas

Easter in Australia is a beautiful autumn gathering. Here are 12 outdoor decorating ideas — fresh flowers, earthy tones, and relaxed alfresco styling. AUD prices.

Save this post for later. Full guide — link in bio.

#easteroutdoordecoratingideasaustralia #easteroutdoordecoraustralia #australianeasterpartyideas #easteralfrescoaustralia #outdooreasterdecoratingaustralia #coastalhome #australianhomes #outdoorliving #hamptonsstyle #alfresco",2026-08-23,19:00:00,FALSE,outdoorcoastal_home,FALSE,TRUE,https://raw.githubusercontent.com/badreddineX/coastal-home-au.BLOG/0a33ee7b52c74fa16ccca1b23643c268bb950b78/social-posts/2026-08-13/23-easter-outdoor-decorating-ideas-australia-ig.png,Easter Outdoor Decor Australia: 12 Alfresco Ideas,POST,,,
"Alfresco Dining Ideas Australia: 13 Ways to Upgrade Yours

Four years of trial and error on our Brisbane alfresco. 13 dining ideas with real AUD prices from Australian retailers — no vague inspiration, just results.

Save this post for later. Full guide — link in bio.

#alfrescodiningideasaustralia #alfrescodiningaustralia #outdoordiningareaaustralia #alfrescoareaideas #coveredalfrescodesign #coastalhome #australianhomes #outdoorliving #hamptonsstyle #alfresco",2026-08-23,21:00:00,FALSE,outdoorcoastal_home,FALSE,TRUE,https://raw.githubusercontent.com/badreddineX/coastal-home-au.BLOG/0a33ee7b52c74fa16ccca1b23643c268bb950b78/social-posts/2026-08-13/alfresco-dining-ideas-australia-ig.png,Alfresco Dining Ideas Australia: 13 Ways to Upgrade Yours,POST,,,
"Australian Coastal Colour Palette: 9 Combinations

9 Australian coastal colour palettes that work every time — Dulux and Taubmans paint names, codes, and room-by-room application tips. Real examples included.

Save this post for later. Full guide — link in bio.

#australiancoastalcolourpalette #coastalpaintcoloursaustralia #beachhousecolours #duluxcoastalcolours #coastalhome #australianhomes #outdoorliving #hamptonsstyle #alfresco",2026-08-24,19:00:00,FALSE,outdoorcoastal_home,FALSE,TRUE,https://raw.githubusercontent.com/badreddineX/coastal-home-au.BLOG/0a33ee7b52c74fa16ccca1b23643c268bb950b78/social-posts/2026-08-13/australian-coastal-colour-palette-ig.png,Australian Coastal Colour Palette: 9 Combinations,POST,,,
"Backyard Fire Pit Ideas for Australian Homes (2026)

The best backyard fire pit ideas for Australian homes — portable steel bowls from $80 to built-in stone pits. Create an evening outdoor space safely.

Save this post for later. Full guide — link in bio.

#firepitaustralia #backyardfirepit #outdoorentertaining #backyardideas #coastalhome #australianhomes #outdoorliving #hamptonsstyle #alfresco",2026-08-24,21:00:00,FALSE,outdoorcoastal_home,FALSE,TRUE,https://raw.githubusercontent.com/badreddineX/coastal-home-au.BLOG/0a33ee7b52c74fa16ccca1b23643c268bb950b78/social-posts/2026-08-13/backyard-fire-pit-ideas-australia-ig.png,Backyard Fire Pit Ideas for Australian Homes (2026),POST,,,
"Backyard Landscaping Ideas for Australian Homes (2026)

Transform your Australian backyard with 12 smart landscaping ideas suited to our climate — from low-maintenance natives to coastal gardens. AUD costs.

Save this post for later. Full guide — link in bio.

#backyardlandscapingaustralia #australiangardenideas #coastalgarden #backyardideas #coastalhome #australianhomes #outdoorliving #hamptonsstyle #alfresco",2026-08-25,19:00:00,FALSE,outdoorcoastal_home,FALSE,TRUE,https://raw.githubusercontent.com/badreddineX/coastal-home-au.BLOG/0a33ee7b52c74fa16ccca1b23643c268bb950b78/social-posts/2026-08-13/backyard-landscaping-ideas-australia-ig.png,Backyard Landscaping Ideas for Australian Homes (2026),POST,,,
"Beach House Furniture Australia: 11 Must-Have Pieces

The 11 furniture pieces every Australian beach house needs — materials that handle salt air, humidity, and UV. Real AUD prices from top Australian retailers.

Save this post for later. Full guide — link in bio.

#beachhousefurnitureaustralia #coastalfurnitureaustralia #beachhousedecor #australiancoastalhome #coastalhome #australianhomes #outdoorliving #hamptonsstyle #alfresco",2026-08-25,21:00:00,FALSE,outdoorcoastal_home,FALSE,TRUE,https://raw.githubusercontent.com/badreddineX/coastal-home-au.BLOG/0a33ee7b52c74fa16ccca1b23643c268bb950b78/social-posts/2026-08-13/beach-house-furniture-australia-ig.png,Beach House Furniture Australia: 11 Must-Have Pieces,POST,,,
"Coastal Bathroom Decor Ideas for Australian Homes (2026)

Transform your bathroom into a coastal retreat across 10 steps — natural textures, soft blues, and rattan accents. Renter-friendly ideas with AUD prices.

Save this post for later. Full guide — link in bio.

#coastalbathroom #bathroomdecoraustralia #coastaldecor #bathroomideas #coastalhome #australianhomes #outdoorliving #hamptonsstyle #alfresco",2026-08-26,19:00:00,FALSE,outdoorcoastal_home,FALSE,TRUE,https://raw.githubusercontent.com/badreddineX/coastal-home-au.BLOG/0a33ee7b52c74fa16ccca1b23643c268bb950b78/social-posts/2026-08-13/coastal-bathroom-decor-australia-ig.png,Coastal Bathroom Decor Ideas for Australian Homes (2026),POST,,,
"Coastal Bedroom Decor Australia: 11 Ideas That Work

Style a coastal bedroom in Australia with linen bedding, rattan furniture, and the right palette. AUD prices from Kmart, Temple and Webster, and Bunnings.

Save this post for later. Full guide — link in bio.

#coastalbedroomdecoraustralia #coastalbedroom #coastaldecor #bedroomideasaustralia #linenbedding #coastalhome #australianhomes #outdoorliving #hamptonsstyle #alfresco",2026-08-26,21:00:00,FALSE,outdoorcoastal_home,FALSE,TRUE,https://raw.githubusercontent.com/badreddineX/coastal-home-au.BLOG/0a33ee7b52c74fa16ccca1b23643c268bb950b78/social-posts/2026-08-13/coastal-bedroom-decor-australia-ig.png,Coastal Bedroom Decor Australia: 11 Ideas That Work,POST,,,
"Coastal Dining Room Australia: 11 Light, Relaxed Ideas

Style a coastal dining room from ~$400 AUD with the right table, rattan pendant lighting, and colour palette. Prices from Temple and Webster and more.

Save this post for later. Full guide — link in bio.

#coastaldiningroomaustralia #coastaldiningroomideas #rattanpendantlight #coastalhomedecor #coastalhome #australianhomes #outdoorliving #hamptonsstyle #alfresco",2026-08-27,19:00:00,FALSE,outdoorcoastal_home,FALSE,TRUE,https://raw.githubusercontent.com/badreddineX/coastal-home-au.BLOG/0a33ee7b52c74fa16ccca1b23643c268bb950b78/social-posts/2026-08-13/coastal-dining-room-australia-ig.png,"Coastal Dining Room Australia: 11 Light, Relaxed Ideas",POST,,,
"Coastal Home Office Ideas Australia: WFH Style

Set up a coastal-style home office in Australia that's actually ergonomic, from a $600 AUD budget setup. Products from Temple & Webster to Beacon Lighting.

Save this post for later. Full guide — link in bio.

#coastalhomeofficeaustralia #homeofficeideasaustralia #coastalwfhsetup #hamptonshomeoffice #australianhomeoffice #coastalhome #australianhomes #outdoorliving #hamptonsstyle #alfresco",2026-08-27,21:00:00,FALSE,outdoorcoastal_home,FALSE,TRUE,https://raw.githubusercontent.com/badreddineX/coastal-home-au.BLOG/0a33ee7b52c74fa16ccca1b23643c268bb950b78/social-posts/2026-08-13/coastal-home-office-australia-ig.png,Coastal Home Office Ideas Australia: WFH Style,POST,,,
"Coastal Kitchen Decor Australia: 10 Light, Airy Ideas

Style a coastal kitchen in Australia with the right cabinet colours, hardware, splashbacks, and accessories. AUD prices and local retailer product picks.

Save this post for later. Full guide — link in bio.

#coastalkitchendecoraustralia #coastalkitchen #kitchendecoraustralia #coastaldecor #kitchenstyling #coastalhome #australianhomes #outdoorliving #hamptonsstyle #alfresco",2026-08-28,19:00:00,FALSE,outdoorcoastal_home,FALSE,TRUE,https://raw.githubusercontent.com/badreddineX/coastal-home-au.BLOG/0a33ee7b52c74fa16ccca1b23643c268bb950b78/social-posts/2026-08-13/coastal-kitchen-decor-australia-ig.png,"Coastal Kitchen Decor Australia: 10 Light, Airy Ideas",POST,,,
"Hamptons Style Bedroom Ideas for Australian Homes (2026)

Create a dreamy Hamptons bedroom in Australia with coastal colours, linen bedding, and timeless furniture. Australian retailers with real AUD prices included.

Save this post for later. Full guide — link in bio.

#hamptonsbedroom #coastalbedroomaustralia #hamptonsstyle #bedroomdecor #coastalhome #australianhomes #outdoorliving #alfresco",2026-08-28,21:00:00,FALSE,outdoorcoastal_home,FALSE,TRUE,https://raw.githubusercontent.com/badreddineX/coastal-home-au.BLOG/0a33ee7b52c74fa16ccca1b23643c268bb950b78/social-posts/2026-08-13/hamptons-style-bedroom-australia-ig.png,Hamptons Style Bedroom Ideas for Australian Homes (2026),POST,,,
"Hamptons Style Kitchen Australia: 11 Coastal Ideas

Get the Hamptons kitchen look in Australia with shaker cabinets, subway tiles, stone benchtops, and brass hardware. Real AUD prices from Australian retailers.

Save this post for later. Full guide — link in bio.

#hamptonsstylekitchenaustralia #hamptonskitchen #coastalkitchen #shakercabinets #kitchendecor #coastalhome #australianhomes #outdoorliving #hamptonsstyle #alfresco",2026-08-29,19:00:00,FALSE,outdoorcoastal_home,FALSE,TRUE,https://raw.githubusercontent.com/badreddineX/coastal-home-au.BLOG/0a33ee7b52c74fa16ccca1b23643c268bb950b78/social-posts/2026-08-13/hamptons-style-kitchen-australia-ig.png,Hamptons Style Kitchen Australia: 11 Coastal Ideas,POST,,,
"Hamptons Living Room Furniture Australia: What to Buy

The exact furniture pieces for a Hamptons living room in Australia across 10 elements — sofas, rugs, and lighting with real AUD prices from retailers.

Save this post for later. Full guide — link in bio.

#hamptonsstyle #livingroomideas #coastaldecor #australianhomedecor #coastalhome #australianhomes #outdoorliving #alfresco",2026-08-29,21:00:00,FALSE,outdoorcoastal_home,FALSE,TRUE,https://raw.githubusercontent.com/badreddineX/coastal-home-au.BLOG/0a33ee7b52c74fa16ccca1b23643c268bb950b78/social-posts/2026-08-13/hamptons-style-living-room-australia-ig.png,Hamptons Living Room Furniture Australia: What to Buy,POST,,,
"Hamptons Outdoor Living: The Perfect Alfresco

Bring the Hamptons outdoor living aesthetic to Australia across 10 steps — white timber, navy accents, and coastal textures. Real AUD prices included.

Save this post for later. Full guide — link in bio.

#hamptonsoutdoor #alfrescohamptons #outdoorlivingaustralia #hamptonsstyle #coastalhome #australianhomes #outdoorliving #alfresco",2026-08-30,19:00:00,FALSE,outdoorcoastal_home,FALSE,TRUE,https://raw.githubusercontent.com/badreddineX/coastal-home-au.BLOG/0a33ee7b52c74fa16ccca1b23643c268bb950b78/social-posts/2026-08-13/hamptons-style-outdoor-living-australia-ig.png,Hamptons Outdoor Living: The Perfect Alfresco,POST,,,
"12 Indoor Plants for an Australian Coastal Home

The best indoor plants for Australian coastal homes — humidity-tolerant, light-adapted, and genuinely beautiful. Prices from Australian nurseries included.

Save this post for later. Full guide — link in bio.

#indoorplantscoastalhomeaustralia #indoorplantsaustralia #coastalhomeplants #australianindoorplants #coastalhome #australianhomes #outdoorliving #hamptonsstyle #alfresco",2026-08-30,21:00:00,FALSE,outdoorcoastal_home,FALSE,TRUE,https://raw.githubusercontent.com/badreddineX/coastal-home-au.BLOG/0a33ee7b52c74fa16ccca1b23643c268bb950b78/social-posts/2026-08-13/indoor-plants-coastal-home-australia-ig.png,12 Indoor Plants for an Australian Coastal Home,POST,,,
"Native Garden Ideas Australia: 12 Designs That Thrive

Native garden ideas for Australian homes — drought-tolerant plants from ~$8 AUD, layout tips, mulching, and wildlife-attracting designs at Bunnings.

Save this post for later. Full guide — link in bio.

#nativegardenideasaustralia #australiannativeplants #lowmaintenancegarden #waterwisegarden #coastalhome #australianhomes #outdoorliving #hamptonsstyle #alfresco",2026-08-31,19:00:00,FALSE,outdoorcoastal_home,FALSE,TRUE,https://raw.githubusercontent.com/badreddineX/coastal-home-au.BLOG/0a33ee7b52c74fa16ccca1b23643c268bb950b78/social-posts/2026-08-13/native-garden-ideas-australia-ig.png,Native Garden Ideas Australia: 12 Designs That Thrive,POST,,,
"Outdoor BBQ Area Ideas for Australian Backyards (2026)

Design the ultimate outdoor BBQ area for your Australian backyard with 10 ideas — from built-in kitchens to simple setups. Real AUD prices included.

Save this post for later. Full guide — link in bio.

#outdoorbbqaustralia #outdoorkitchen #alfrescokitchen #outdoorentertaining #coastalhome #australianhomes #outdoorliving #hamptonsstyle #alfresco",2026-08-31,21:00:00,FALSE,outdoorcoastal_home,FALSE,TRUE,https://raw.githubusercontent.com/badreddineX/coastal-home-au.BLOG/0a33ee7b52c74fa16ccca1b23643c268bb950b78/social-posts/2026-08-13/outdoor-bbq-area-ideas-australia-ig.png,Outdoor BBQ Area Ideas for Australian Backyards (2026),POST,,,
"19 Outdoor Entertaining Ideas for Aussie Backyards

Transform your backyard into a great alfresco entertaining space. Budget-friendly coastal outdoor ideas with real AUD prices for every home in Australia.

Save this post for later. Full guide — link in bio.

#outdoorentertainingaustralia #alfrescoideas #backyardideas #coastaldecor #coastalhome #australianhomes #outdoorliving #hamptonsstyle #alfresco",2026-09-01,19:00:00,FALSE,outdoorcoastal_home,FALSE,TRUE,https://raw.githubusercontent.com/badreddineX/coastal-home-au.BLOG/0a33ee7b52c74fa16ccca1b23643c268bb950b78/social-posts/2026-08-13/outdoor-entertaining-ideas-australia-ig.png,19 Outdoor Entertaining Ideas for Aussie Backyards,POST,,,
"Outdoor Kitchen Ideas for Australian Homes (2026)

The best outdoor kitchen ideas for Australian homes — layouts, materials, and appliances. Real AUD prices, council rules, and product picks from Bunnings to Beacon Lighting.

Save this post for later. Full guide — link in bio.

#outdoorkitchenideasaustralia #alfrescokitchen #outdoorentertaining #outdoorkitchendesign #coastalhome #australianhomes #outdoorliving #hamptonsstyle #alfresco",2026-09-01,21:00:00,FALSE,outdoorcoastal_home,FALSE,TRUE,https://raw.githubusercontent.com/badreddineX/coastal-home-au.BLOG/0a33ee7b52c74fa16ccca1b23643c268bb950b78/social-posts/2026-08-13/outdoor-kitchen-ideas-australia-ig.png,Outdoor Kitchen Ideas for Australian Homes (2026),POST,,,
"Outdoor Lounge Ideas Australia: 10 Alfresco Tips

10 outdoor lounge ideas for Australian homes — furniture, shade, rugs, cushions, lighting & layout tips. Real AUD prices from Temple & Webster, Bunnings & Adairs.

Save this post for later. Full guide — link in bio.

#outdoorloungeideasaustralia #alfrescosittingarea #outdoorloungefurniture #backyardloungeaustralia #coastalhome #australianhomes #outdoorliving #hamptonsstyle #alfresco",2026-09-02,19:00:00,FALSE,outdoorcoastal_home,FALSE,TRUE,https://raw.githubusercontent.com/badreddineX/coastal-home-au.BLOG/0a33ee7b52c74fa16ccca1b23643c268bb950b78/social-posts/2026-08-13/outdoor-lounge-ideas-australia-ig.png,Outdoor Lounge Ideas Australia: 10 Alfresco Tips,POST,,,
"Pool Area Ideas Australia: Style Your Backyard Pool

Transform your Australian backyard pool area with 12 styling ideas — pavers, sun loungers, shade, plants, and lighting. Real AUD prices and product picks.

Save this post for later. Full guide — link in bio.

#poolareaideasaustralia #backyardpool #outdoorentertaining #coastaldecor #poollandscaping #coastalhome #australianhomes #outdoorliving #hamptonsstyle #alfresco",2026-09-02,21:00:00,FALSE,outdoorcoastal_home,FALSE,TRUE,https://raw.githubusercontent.com/badreddineX/coastal-home-au.BLOG/0a33ee7b52c74fa16ccca1b23643c268bb950b78/social-posts/2026-08-13/pool-area-ideas-australia-ig.png,Pool Area Ideas Australia: Style Your Backyard Pool,POST,,,
"Rattan Furniture Australia: How to Style Every Room

Complete guide to buying and styling rattan furniture in Australia. Living room, bedroom, outdoor settings — AUD prices, care tips, and where to buy in 2026.

Save this post for later. Full guide — link in bio.

#rattanfurnitureaustralia #rattanchairs #coastaldecor #bohodecoraustralia #outdoorrattan #coastalhome #australianhomes #outdoorliving #hamptonsstyle #alfresco",2026-09-03,19:00:00,FALSE,outdoorcoastal_home,FALSE,TRUE,https://raw.githubusercontent.com/badreddineX/coastal-home-au.BLOG/0a33ee7b52c74fa16ccca1b23643c268bb950b78/social-posts/2026-08-13/rattan-furniture-australia-ig.png,Rattan Furniture Australia: How to Style Every Room,POST,,,
"Small Balcony Ideas Australia: 12 Ways to Transform It

Transform a small Australian balcony into an outdoor room with a $79-$149 AUD bistro set. 12 renter-friendly ideas with prices from Kmart and Bunnings.

Save this post for later. Full guide — link in bio.

#smallbalconyideasaustralia #balconydecoraustralia #apartmentbalcony #outdoorentertaining #renterfriendly #coastalhome #australianhomes #outdoorliving #hamptonsstyle #alfresco",2026-09-03,21:00:00,FALSE,outdoorcoastal_home,FALSE,TRUE,https://raw.githubusercontent.com/badreddineX/coastal-home-au.BLOG/0a33ee7b52c74fa16ccca1b23643c268bb950b78/social-posts/2026-08-13/small-balcony-ideas-australia-ig.png,Small Balcony Ideas Australia: 12 Ways to Transform It,POST,,,
"Small Courtyard Garden Ideas Australia: 12 Ways to Make It Work

I turned a 3x4m Sydney courtyard from a bin storage zone into a proper garden. Here are 12 small courtyard garden ideas with AUD prices and local retailers.

Save this post for later. Full guide — link in bio.

#smallcourtyardgardenideasaustralia #courtyardgardenaustralia #smallbackyardgardenaustralia #terracehousegarden #narrowcourtyardideas #coastalhome #australianhomes #outdoorliving #hamptonsstyle #alfresco",2026-09-04,19:00:00,FALSE,outdoorcoastal_home,FALSE,TRUE,https://raw.githubusercontent.com/badreddineX/coastal-home-au.BLOG/0a33ee7b52c74fa16ccca1b23643c268bb950b78/social-posts/2026-08-13/small-courtyard-garden-ideas-australia-ig.png,Small Courtyard Garden Ideas Australia: 12 Ways to Make It Work,POST,,,
