board_name,title,description,link,image_url,published_at
Budget Tips,Budget Apartment Decor: Under $200 CAD,"Transform your rental for under $200 CAD — budget decor ideas for Canadian renters. What to buy first, what to DIY, and what makes the biggest difference. Save this pin for later!",https://smallspacehome.ca/blog/apartment-decor-ideas-on-a-budget,https://raw.githubusercontent.com/badreddineX/SmallSpaceHome.BLOG/ff67a221c879b52cbdadba9d66a4a43c5a6ecca1/pinterest-pins/template-def-2026-08-12/apartment-decor-ideas-on-a-budget-D.png,2026-08-14 19:00
Decor,Apartment Decor Ideas for Canadian Renters,"14 renter-friendly apartment decor ideas for Canadian apartments — no damage, no lost deposits. Real CAD prices, works in Toronto, Vancouver, and Montreal. Save this pin for later!",https://smallspacehome.ca/blog/apartment-decor-ideas,https://raw.githubusercontent.com/badreddineX/SmallSpaceHome.BLOG/ff67a221c879b52cbdadba9d66a4a43c5a6ecca1/pinterest-pins/template-def-2026-08-12/apartment-decor-ideas-D.png,2026-08-14 20:00
Budget Tips,Budget Apartment Decor Ideas Under $50 CAD,"Real Canadian apartment decor ideas under $50 CAD — what to buy, where to shop, and what to skip. Tested in a small rental, not a showroom. Save this pin for later!",https://smallspacehome.ca/blog/budget-apartment-decor-under-50,https://raw.githubusercontent.com/badreddineX/SmallSpaceHome.BLOG/ff67a221c879b52cbdadba9d66a4a43c5a6ecca1/pinterest-pins/template-def-2026-08-12/budget-apartment-decor-under-50-D.png,2026-08-14 21:00
Budget Tips,Cheapest Ways to Make a Rental Feel More Stylish,"Make a Canadian rental feel stylish for almost nothing — free rearranging tricks plus Dollarama, Marketplace, and thrift finds under $10 CAD each. Save this pin for later!",https://smallspacehome.ca/blog/cheapest-ways-rental-feel-stylish,https://raw.githubusercontent.com/badreddineX/SmallSpaceHome.BLOG/ff67a221c879b52cbdadba9d66a4a43c5a6ecca1/pinterest-pins/template-def-2026-08-12/cheapest-ways-rental-feel-stylish-D.png,2026-08-14 22:00
Decor,15 No-Damage Command Strip Decorating Hacks for Renters,"15 renter-friendly Command strip decorating ideas that won't void your security deposit—practical, no-damage solutions for Canadian apartments. Save this pin for later!",https://smallspacehome.ca/blog/command-strip-decorating-hacks-renters,https://raw.githubusercontent.com/badreddineX/SmallSpaceHome.BLOG/ff67a221c879b52cbdadba9d66a4a43c5a6ecca1/pinterest-pins/template-def-2026-08-12/command-strip-decorating-hacks-renters-D.png,2026-08-14 23:00
Storage,Condo Storage Ideas for Toronto & Vancouver Renters,"Condo storage ideas for small Toronto and Vancouver units — no-drill solutions, condo locker alternatives, and real CAD prices from Amazon.ca, IKEA, and HomeSense. Save this pin for later!",https://smallspacehome.ca/blog/condo-storage-ideas-toronto-vancouver,https://raw.githubusercontent.com/badreddineX/SmallSpaceHome.BLOG/ff67a221c879b52cbdadba9d66a4a43c5a6ecca1/pinterest-pins/template-def-2026-08-12/condo-storage-ideas-toronto-vancouver-D.png,2026-08-15 19:00
Decor,Cozy Winter Apartment Decor for Renters,"Cozy winter apartment decor ideas for Canadian renters — textiles, lighting, scent, and seasonal touches that make a small apartment feel warm all winter. Save this pin for later!",https://smallspacehome.ca/blog/cozy-winter-apartment-decor,https://raw.githubusercontent.com/badreddineX/SmallSpaceHome.BLOG/ff67a221c879b52cbdadba9d66a4a43c5a6ecca1/pinterest-pins/template-def-2026-08-12/cozy-winter-apartment-decor-D.png,2026-08-15 20:00
Budget Tips,Dollarama Finds That Look Expensive in a Small Apartment,"The Dollarama items that read as high-end in a Canadian rental — glass vases, ceramic planters, and trays for $1–$5 CAD, plus the exact styling tricks that hide the price tag. Save this pin for later!",https://smallspacehome.ca/blog/dollarama-finds-look-expensive,https://raw.githubusercontent.com/badreddineX/SmallSpaceHome.BLOG/ff67a221c879b52cbdadba9d66a4a43c5a6ecca1/pinterest-pins/template-def-2026-08-12/dollarama-finds-look-expensive-D.png,2026-08-15 21:00
Budget Tips,Facebook Marketplace Finds for Furnishing on a Budget,"How to use Facebook Marketplace to furnish a small Canadian apartment for less — search tips, safety rules for pickups, and real CAD price ranges. Save this pin for later!",https://smallspacehome.ca/blog/facebook-marketplace-furnishing-budget,https://raw.githubusercontent.com/badreddineX/SmallSpaceHome.BLOG/ff67a221c879b52cbdadba9d66a4a43c5a6ecca1/pinterest-pins/template-def-2026-08-12/facebook-marketplace-furnishing-budget-D.png,2026-08-15 22:00
Decor,Fall Apartment Decorating Ideas,"Fall apartment decorating ideas for Canadian renters — seasonal textures, warm tones, and autumn touches that need no permanent changes or a big budget. Save this pin for later!",https://smallspacehome.ca/blog/fall-apartment-decorating-ideas,https://raw.githubusercontent.com/badreddineX/SmallSpaceHome.BLOG/ff67a221c879b52cbdadba9d66a4a43c5a6ecca1/pinterest-pins/template-def-2026-08-12/fall-apartment-decorating-ideas-D.png,2026-08-15 23:00
Budget Tips,Free & Cheap Apartment Decor: DIY vs. Buy,Which apartment decor projects actually save money and which ones cost more in time and materials than just buying? A Canadian renter's honest DIY vs. buy breakdown. Save this pin for later!,https://smallspacehome.ca/blog/free-cheap-apartment-decor-diy-vs-buy,https://raw.githubusercontent.com/badreddineX/SmallSpaceHome.BLOG/ff67a221c879b52cbdadba9d66a4a43c5a6ecca1/pinterest-pins/template-def-2026-08-12/free-cheap-apartment-decor-diy-vs-buy-D.png,2026-08-16 19:00
Storage,17 Fridge & Pantry Organization Ideas for Small Kitchens,"Practical, renter-friendly fridge and pantry organization ideas for Canadian small-space apartments—no drilling, no mess, all effective. Save this pin for later!",https://smallspacehome.ca/blog/fridge-pantry-organization-small-apartment,https://raw.githubusercontent.com/badreddineX/SmallSpaceHome.BLOG/ff67a221c879b52cbdadba9d66a4a43c5a6ecca1/pinterest-pins/template-def-2026-08-12/fridge-pantry-organization-small-apartment-D.png,2026-08-16 20:00
Decor,How to Decorate a Small Living Room,"A step-by-step guide to decorating a small living room in a Canadian rental — layout, lighting, furniture scale, colour, and storage, in the right order. Save this pin for later!",https://smallspacehome.ca/blog/how-to-decorate-a-small-living-room,https://raw.githubusercontent.com/badreddineX/SmallSpaceHome.BLOG/ff67a221c879b52cbdadba9d66a4a43c5a6ecca1/pinterest-pins/template-def-2026-08-12/how-to-decorate-a-small-living-room-D.png,2026-08-16 21:00
Decor,How to Make a Small Room Look Bigger,"13 visual tricks that make any small room in a Canadian apartment look bigger — colour, mirrors, lighting, furniture, and layout. No renovation required. Save this pin for later!",https://smallspacehome.ca/blog/how-to-make-a-small-room-look-bigger,https://raw.githubusercontent.com/badreddineX/SmallSpaceHome.BLOG/ff67a221c879b52cbdadba9d66a4a43c5a6ecca1/pinterest-pins/template-def-2026-08-12/how-to-make-a-small-room-look-bigger-D.png,2026-08-16 22:00
Organization,15 IKEA Small Space Hacks for Apartments,"15 IKEA small space hacks for Canadian apartments — furniture combos, storage tricks, and unexpected uses, with real CAD prices and what actually works. Save this pin for later!",https://smallspacehome.ca/blog/ikea-small-space-hacks,https://raw.githubusercontent.com/badreddineX/SmallSpaceHome.BLOG/ff67a221c879b52cbdadba9d66a4a43c5a6ecca1/pinterest-pins/template-def-2026-08-12/ikea-small-space-hacks-D.png,2026-08-16 23:00
Organization,January Reset: Apartment Organization,"15 January reset organization ideas for small Canadian apartments — declutter, reset every room, and build systems that actually hold through the year. Save this pin for later!",https://smallspacehome.ca/blog/january-reset-organization-ideas,https://raw.githubusercontent.com/badreddineX/SmallSpaceHome.BLOG/ff67a221c879b52cbdadba9d66a4a43c5a6ecca1/pinterest-pins/template-def-2026-08-12/january-reset-organization-ideas-D.png,2026-08-17 19:00
Decor,Minimalist Small Apartment Ideas for Renters,"Minimalist ideas for small Canadian rentals — how to declutter, edit, and design a space that feels calm, spacious, and intentional without overspending. Save this pin for later!",https://smallspacehome.ca/blog/minimalist-small-apartment-ideas,https://raw.githubusercontent.com/badreddineX/SmallSpaceHome.BLOG/ff67a221c879b52cbdadba9d66a4a43c5a6ecca1/pinterest-pins/template-def-2026-08-12/minimalist-small-apartment-ideas-D.png,2026-08-17 20:00
Decor,10 Multifunctional Furniture Ideas for Small Rentals,"Space-saving furniture ideas Canadian renters love—no drilling, full ROI, renter-friendly picks that work in any small apartment. Save this pin for later!",https://smallspacehome.ca/blog/multifunctional-furniture-small-apartment,https://raw.githubusercontent.com/badreddineX/SmallSpaceHome.BLOG/ff67a221c879b52cbdadba9d66a4a43c5a6ecca1/pinterest-pins/template-def-2026-08-12/multifunctional-furniture-small-apartment-D.png,2026-08-17 21:00
Organization,15 Pet-Friendly Small Apartment Setup Ideas,"Practical, renter-approved pet setup ideas for small Canadian apartments—no drilling, no damage, all effective. Save this pin for later!",https://smallspacehome.ca/blog/pet-friendly-small-apartment-ideas,https://raw.githubusercontent.com/badreddineX/SmallSpaceHome.BLOG/ff67a221c879b52cbdadba9d66a4a43c5a6ecca1/pinterest-pins/template-def-2026-08-12/pet-friendly-small-apartment-ideas-D.png,2026-08-17 22:00
Organization,Quebec Moving Day Storage & Packing Guide for Renters,"Quebec's July 1 Moving Day floods Montreal with movers and boxes on one single date. Here's how to pack, store, and survive it as a renter — no drilling. Save this pin for later!",https://smallspacehome.ca/blog/quebec-moving-day-storage-guide,https://raw.githubusercontent.com/badreddineX/SmallSpaceHome.BLOG/ff67a221c879b52cbdadba9d66a4a43c5a6ecca1/pinterest-pins/template-def-2026-08-12/quebec-moving-day-storage-guide-D.png,2026-08-17 23:00
Decor,Renter-Friendly Apartment Decor Ideas,"Decorate your rental apartment without losing your deposit. These renter-friendly decor ideas use Command strips, removable wallpaper, and no-drill solutions. Save this pin for later!",https://smallspacehome.ca/blog/renter-friendly-apartment-decor-ideas,https://raw.githubusercontent.com/badreddineX/SmallSpaceHome.BLOG/ff67a221c879b52cbdadba9d66a4a43c5a6ecca1/pinterest-pins/template-def-2026-08-12/renter-friendly-apartment-decor-ideas-D.png,2026-08-18 19:00
Storage,Renter-Friendly Bike Storage for Small Apartments,"No garage, no drilling, still no bike blocking your hallway. Renter-friendly bike storage for small Canadian apartments — wall hooks, floor stands, and balcony options. Save this pin for later!",https://smallspacehome.ca/blog/renter-friendly-bike-storage-small-apartments,https://raw.githubusercontent.com/badreddineX/SmallSpaceHome.BLOG/ff67a221c879b52cbdadba9d66a4a43c5a6ecca1/pinterest-pins/template-def-2026-08-12/renter-friendly-bike-storage-small-apartments-D.png,2026-08-18 20:00
Decor,15 Renter-Friendly Gallery Wall Ideas,"15 no-nail, no-damage gallery wall ideas for Canadian apartment renters — fully reversible and deposit-safe. Save this pin for later!",https://smallspacehome.ca/blog/renter-friendly-gallery-wall-ideas,https://raw.githubusercontent.com/badreddineX/SmallSpaceHome.BLOG/ff67a221c879b52cbdadba9d66a4a43c5a6ecca1/pinterest-pins/template-def-2026-08-12/renter-friendly-gallery-wall-ideas-D.png,2026-08-18 21:00
Storage,Seasonal Storage for Off-Season Clothes & Gear,"Canadian closets have to hold two wardrobes at once. Here's the vacuum bag, garment bag, and rotation system that actually keeps winter and summer gear organized. Save this pin for later!",https://smallspacehome.ca/blog/seasonal-storage-off-season-clothes-gear,https://raw.githubusercontent.com/badreddineX/SmallSpaceHome.BLOG/ff67a221c879b52cbdadba9d66a4a43c5a6ecca1/pinterest-pins/template-def-2026-08-12/seasonal-storage-off-season-clothes-gear-D.png,2026-08-18 22:00
Budget Tips,September Student Move-In Storage Setup Guide,"Moving into your first Canadian apartment this September? Here's the room-by-room storage checklist, real CAD prices, and where to buy cheap or secondhand. Save this pin for later!",https://smallspacehome.ca/blog/september-student-move-in-storage-guide,https://raw.githubusercontent.com/badreddineX/SmallSpaceHome.BLOG/ff67a221c879b52cbdadba9d66a4a43c5a6ecca1/pinterest-pins/template-def-2026-08-12/september-student-move-in-storage-guide-D.png,2026-08-18 23:00
Storage,Small Apartment Balcony Storage Ideas for Canadian Renters,"No-drill balcony storage ideas for small Canadian apartments — gravity bike racks, weatherproof deck boxes, railing planters, and what to bring in for winter. Save this pin for later!",https://smallspacehome.ca/blog/small-apartment-balcony-storage-ideas,https://raw.githubusercontent.com/badreddineX/SmallSpaceHome.BLOG/ff67a221c879b52cbdadba9d66a4a43c5a6ecca1/pinterest-pins/template-def-2026-08-12/small-apartment-balcony-storage-ideas-D.png,2026-08-19 19:00
Storage,Small Apartment Bathroom Storage Ideas,"Where to buy bathroom storage that works in a small rental: 12 no-drill ideas with real CAD prices from Amazon.ca, IKEA, and HomeSense. Save this pin for later!",https://smallspacehome.ca/blog/small-apartment-bathroom-storage,https://raw.githubusercontent.com/badreddineX/SmallSpaceHome.BLOG/ff67a221c879b52cbdadba9d66a4a43c5a6ecca1/pinterest-pins/template-def-2026-08-12/small-apartment-bathroom-storage-D.png,2026-08-19 20:00
Organization,Small Apartment Beauty & Skincare Storage Ideas,"Organize skincare, makeup, and beauty products in a small Canadian apartment — acrylic organizers, drawer dividers, vanity trays, and an expiry decluttering routine. Save this pin for later!",https://smallspacehome.ca/blog/small-apartment-beauty-skincare-storage,https://raw.githubusercontent.com/badreddineX/SmallSpaceHome.BLOG/ff67a221c879b52cbdadba9d66a4a43c5a6ecca1/pinterest-pins/template-def-2026-08-12/small-apartment-beauty-skincare-storage-D.png,2026-08-19 21:00
Storage,Bedroom Storage Ideas for Apartments,"13 bedroom storage ideas for small Canadian apartments — closet, under-bed, wall, and furniture storage solutions. All renter-friendly with real CAD prices. Save this pin for later!",https://smallspacehome.ca/blog/small-apartment-bedroom-storage-ideas,https://raw.githubusercontent.com/badreddineX/SmallSpaceHome.BLOG/ff67a221c879b52cbdadba9d66a4a43c5a6ecca1/pinterest-pins/template-def-2026-08-12/small-apartment-bedroom-storage-ideas-D.png,2026-08-19 22:00
Decor,15 Coffee & Cafe Corner Ideas for Small Apartments,"Small apartment coffee corner ideas that save space, avoid drilling, and look stylish—perfect for Toronto, Vancouver, and Montreal renters. Save this pin for later!",https://smallspacehome.ca/blog/small-apartment-coffee-corner-ideas,https://raw.githubusercontent.com/badreddineX/SmallSpaceHome.BLOG/ff67a221c879b52cbdadba9d66a4a43c5a6ecca1/pinterest-pins/template-def-2026-08-12/small-apartment-coffee-corner-ideas-D.png,2026-08-19 23:00
Storage,Small Apartment Home Gym Storage & Setup Ideas,"Build a real home gym in a small Canadian apartment. Folding equipment, storage ottomans, under-bed bins, and wall hooks that hide it all when you're done. Save this pin for later!",https://smallspacehome.ca/blog/small-apartment-home-gym-storage-setup,https://raw.githubusercontent.com/badreddineX/SmallSpaceHome.BLOG/ff67a221c879b52cbdadba9d66a4a43c5a6ecca1/pinterest-pins/template-def-2026-08-12/small-apartment-home-gym-storage-setup-D.png,2026-08-20 19:00
Decor,Small Apartment Home Office Ideas,"How to set up a home office in a small Canadian apartment — real desk picks, CAD prices, and renter-friendly ideas for working from home in tight spaces. Save this pin for later!",https://smallspacehome.ca/blog/small-apartment-home-office-ideas,https://raw.githubusercontent.com/badreddineX/SmallSpaceHome.BLOG/ff67a221c879b52cbdadba9d66a4a43c5a6ecca1/pinterest-pins/template-def-2026-08-12/small-apartment-home-office-ideas-D.png,2026-08-20 20:00
Storage,Small Apartment Laundry Storage Ideas,"Small apartment laundry storage ideas for tight in-suite closets and shared building laundry rooms — no-drill, renter-friendly, with real Canadian prices. Save this pin for later!",https://smallspacehome.ca/blog/small-apartment-laundry-storage-ideas,https://raw.githubusercontent.com/badreddineX/SmallSpaceHome.BLOG/ff67a221c879b52cbdadba9d66a4a43c5a6ecca1/pinterest-pins/template-def-2026-08-12/small-apartment-laundry-storage-ideas-D.png,2026-08-20 21:00
Budget Tips,Apartment Organization Under $100 CAD,"15 budget organization ideas for small Canadian apartments, all under $100 CAD — practical solutions from a Toronto renter, no pricey systems needed. Save this pin for later!",https://smallspacehome.ca/blog/small-apartment-organization-ideas-on-a-budget,https://raw.githubusercontent.com/badreddineX/SmallSpaceHome.BLOG/ff67a221c879b52cbdadba9d66a4a43c5a6ecca1/pinterest-pins/template-def-2026-08-12/small-apartment-organization-ideas-on-a-budget-D.png,2026-08-20 22:00
Organization,Small Apartment Organization Guide,"A complete room-by-room organization system for small Canadian apartments. Declutter first, then organize — realistic, renter-friendly, no permanent changes. Save this pin for later!",https://smallspacehome.ca/blog/small-apartment-organization,https://raw.githubusercontent.com/badreddineX/SmallSpaceHome.BLOG/ff67a221c879b52cbdadba9d66a4a43c5a6ecca1/pinterest-pins/template-def-2026-08-12/small-apartment-organization-D.png,2026-08-20 23:00
Storage,Small Apartment Pantry Organization on a Budget,"Organize a small apartment pantry cupboard for under $40 CAD — Dollarama containers, reused jars, and shelf risers. A real Canadian renter's system. Save this pin for later!",https://smallspacehome.ca/blog/small-apartment-pantry-organization-budget,https://raw.githubusercontent.com/badreddineX/SmallSpaceHome.BLOG/ff67a221c879b52cbdadba9d66a4a43c5a6ecca1/pinterest-pins/template-def-2026-08-12/small-apartment-pantry-organization-budget-D.png,2026-08-21 19:00
Organization,Small Apartment Paperwork & Mail Organization Ideas,"Stop losing lease documents and bills in a 500 sq ft rental. A wall-mounted command centre, filing system, and shredding routine that actually fits Canadian apartments. Save this pin for later!",https://smallspacehome.ca/blog/small-apartment-paperwork-mail-organization,https://raw.githubusercontent.com/badreddineX/SmallSpaceHome.BLOG/ff67a221c879b52cbdadba9d66a4a43c5a6ecca1/pinterest-pins/template-def-2026-08-12/small-apartment-paperwork-mail-organization-D.png,2026-08-21 20:00
Organization,Small Apartment Pet Supply Organization Ideas,"Organize dog and cat supplies in a small Canadian apartment — food storage, leash hooks, litter concealment, and travel gear, all under $150 CAD. Save this pin for later!",https://smallspacehome.ca/blog/small-apartment-pet-supply-organization,https://raw.githubusercontent.com/badreddineX/SmallSpaceHome.BLOG/ff67a221c879b52cbdadba9d66a4a43c5a6ecca1/pinterest-pins/template-def-2026-08-12/small-apartment-pet-supply-organization-D.png,2026-08-21 21:00
Decor,12 Plant Corner Ideas for Small Canadian Apartments,"Renter-friendly, low-light plant corner ideas for Toronto, Vancouver, and Montreal apartments under $50. Save this pin for later!",https://smallspacehome.ca/blog/small-apartment-plant-corner-ideas,https://raw.githubusercontent.com/badreddineX/SmallSpaceHome.BLOG/ff67a221c879b52cbdadba9d66a4a43c5a6ecca1/pinterest-pins/template-def-2026-08-12/small-apartment-plant-corner-ideas-D.png,2026-08-21 22:00
Decor,15 Small Apartment Reading Nook Ideas That Actually Fit,"Comfy reading chair and reading nook ideas for small Canadian apartments — renter-friendly layouts, real CAD prices, and no permanent changes. Save this pin for later!",https://smallspacehome.ca/blog/small-apartment-reading-nook-ideas,https://raw.githubusercontent.com/badreddineX/SmallSpaceHome.BLOG/ff67a221c879b52cbdadba9d66a4a43c5a6ecca1/pinterest-pins/template-def-2026-08-12/small-apartment-reading-nook-ideas-D.png,2026-08-21 23:00
Storage,Small Apartment Shoe Storage Ideas for Renters,"Renter-friendly shoe storage for small Canadian apartments — entryway racks, over-door organizers, and seasonal boot rotation. IKEA and Amazon.ca picks under $100 CAD. Save this pin for later!",https://smallspacehome.ca/blog/small-apartment-shoe-storage-ideas,https://raw.githubusercontent.com/badreddineX/SmallSpaceHome.BLOG/ff67a221c879b52cbdadba9d66a4a43c5a6ecca1/pinterest-pins/template-def-2026-08-12/small-apartment-shoe-storage-ideas-D.png,2026-08-22 19:00
Storage,Small Apartment Storage Bins & Baskets Guide,"Which storage bins and baskets fit under-bed, closet shelves, and entryways in a small Canadian apartment — sizes, materials, IKEA picks, and CAD prices. Save this pin for later!",https://smallspacehome.ca/blog/small-apartment-storage-bins-baskets-guide,https://raw.githubusercontent.com/badreddineX/SmallSpaceHome.BLOG/ff67a221c879b52cbdadba9d66a4a43c5a6ecca1/pinterest-pins/template-def-2026-08-12/small-apartment-storage-bins-baskets-guide-D.png,2026-08-22 20:00
Decor,Small Bedroom Decor Ideas for Renters,"Small bedroom decor ideas for Canadian renters — colour, lighting, furniture, and layout tricks that make any bedroom feel more spacious, on a budget. Save this pin for later!",https://smallspacehome.ca/blog/small-bedroom-decor-ideas,https://raw.githubusercontent.com/badreddineX/SmallSpaceHome.BLOG/ff67a221c879b52cbdadba9d66a4a43c5a6ecca1/pinterest-pins/template-def-2026-08-12/small-bedroom-decor-ideas-D.png,2026-08-22 21:00
Storage,Small Closet Organization Ideas for Rental Apartments,"No-drill closet organization for Canadian renters — slim hangers, over-door racks, and stackable bins that fit tiny apartment closets without losing your deposit. Save this pin for later!",https://smallspacehome.ca/blog/small-closet-organization-rental-apartment,https://raw.githubusercontent.com/badreddineX/SmallSpaceHome.BLOG/ff67a221c879b52cbdadba9d66a4a43c5a6ecca1/pinterest-pins/template-def-2026-08-12/small-closet-organization-rental-apartment-D.png,2026-08-22 22:00
Storage,Small Entryway & Hallway Storage Ideas for Apartments,"No-drill entryway storage ideas for small Canadian rentals: freestanding shoe racks, tension-rod coat racks, drop zones, and slim console tables. Save this pin for later!",https://smallspacehome.ca/blog/small-entryway-hallway-storage-ideas,https://raw.githubusercontent.com/badreddineX/SmallSpaceHome.BLOG/ff67a221c879b52cbdadba9d66a4a43c5a6ecca1/pinterest-pins/template-def-2026-08-12/small-entryway-hallway-storage-ideas-D.png,2026-08-22 23:00
Storage,Small Living Room Storage: Furniture That Hides Clutter,"Small living room storage ideas that use furniture, not walls — storage ottomans, coffee tables with shelves, and TV consoles that hide the clutter. Save this pin for later!",https://smallspacehome.ca/blog/small-living-room-storage-solutions,https://raw.githubusercontent.com/badreddineX/SmallSpaceHome.BLOG/ff67a221c879b52cbdadba9d66a4a43c5a6ecca1/pinterest-pins/template-def-2026-08-12/small-living-room-storage-solutions-D.png,2026-08-23 19:00
Decor,14 Small Space Decorating Rules for Renters,"14 small space decorating rules for Canadian renters — principles that work in any room to make compact spaces feel larger, lighter, and more livable. Save this pin for later!",https://smallspacehome.ca/blog/small-space-decorating,https://raw.githubusercontent.com/badreddineX/SmallSpaceHome.BLOG/ff67a221c879b52cbdadba9d66a4a43c5a6ecca1/pinterest-pins/template-def-2026-08-12/small-space-decorating-D.png,2026-08-23 20:00
Decor,Small Space Furniture for Apartments,"Small space furniture for Canadian apartment renters — what to buy, skip, and exact CAD prices from IKEA, Wayfair, and Amazon Canada. Save this pin for later!",https://smallspacehome.ca/blog/small-space-furniture,https://raw.githubusercontent.com/badreddineX/SmallSpaceHome.BLOG/ff67a221c879b52cbdadba9d66a4a43c5a6ecca1/pinterest-pins/template-def-2026-08-12/small-space-furniture-D.png,2026-08-23 21:00
Organization,14 Small Kitchen Organization Ideas,"14 kitchen organization ideas for small Canadian apartments — pantry, counters, cabinets, and drawers. Renter-friendly, with real CAD prices. Save this pin for later!",https://smallspacehome.ca/blog/small-space-kitchen-organization,https://raw.githubusercontent.com/badreddineX/SmallSpaceHome.BLOG/ff67a221c879b52cbdadba9d66a4a43c5a6ecca1/pinterest-pins/template-def-2026-08-12/small-space-kitchen-organization-D.png,2026-08-23 22:00
Decor,15 Small Space Living Room Ideas,"15 practical small living room ideas tested in a real Canadian apartment — renter-friendly, budget-conscious, and built for tight square footage. Save this pin for later!",https://smallspacehome.ca/blog/small-space-living-room-ideas,https://raw.githubusercontent.com/badreddineX/SmallSpaceHome.BLOG/ff67a221c879b52cbdadba9d66a4a43c5a6ecca1/pinterest-pins/template-def-2026-08-12/small-space-living-room-ideas-D.png,2026-08-23 23:00
Organization,Spring Cleaning Tips for Apartments,"Spring cleaning and organization guide for Canadian renters — a room-by-room checklist, declutter strategies, and storage updates for a fresh start. Save this pin for later!",https://smallspacehome.ca/blog/spring-cleaning-organization-tips,https://raw.githubusercontent.com/badreddineX/SmallSpaceHome.BLOG/ff67a221c879b52cbdadba9d66a4a43c5a6ecca1/pinterest-pins/template-def-2026-08-12/spring-cleaning-organization-tips-D.png,2026-08-24 19:00
Storage,23 Small Apartment Storage Ideas,"Out of storage in your Canadian apartment? These 23 renter-friendly storage ideas use vertical space, hidden nooks, and smart furniture — no drilling. Save this pin for later!",https://smallspacehome.ca/blog/storage-ideas-for-small-places,https://raw.githubusercontent.com/badreddineX/SmallSpaceHome.BLOG/ff67a221c879b52cbdadba9d66a4a43c5a6ecca1/pinterest-pins/template-def-2026-08-12/storage-ideas-for-small-places-D.png,2026-08-24 20:00
Decor,Studio Apartment Ideas for Renters That Work,"Studio apartment ideas for Canadian renters — how to define zones, maximize storage, and make a one-room space feel like a proper home. All renter-friendly. Save this pin for later!",https://smallspacehome.ca/blog/studio-apartment-ideas,https://raw.githubusercontent.com/badreddineX/SmallSpaceHome.BLOG/ff67a221c879b52cbdadba9d66a4a43c5a6ecca1/pinterest-pins/template-def-2026-08-12/studio-apartment-ideas-D.png,2026-08-24 21:00
Storage,Under-Bed Storage Ideas for Small Apartments,"Under bed storage ideas for small apartments in Canada — bed risers, lidded bins vs. vacuum bags, rolling drawers, and what never to store under a bed. Save this pin for later!",https://smallspacehome.ca/blog/under-bed-storage-ideas-small-apartment,https://raw.githubusercontent.com/badreddineX/SmallSpaceHome.BLOG/ff67a221c879b52cbdadba9d66a4a43c5a6ecca1/pinterest-pins/template-def-2026-08-12/under-bed-storage-ideas-small-apartment-D.png,2026-08-24 22:00
Storage,12 Vertical Storage Ideas,"Smart vertical storage solutions for small Canadian apartments—renter-friendly, no-wall-damage options from IKEA to HomeSense. Save this pin for later!",https://smallspacehome.ca/blog/vertical-storage-ideas-small-apartment,https://raw.githubusercontent.com/badreddineX/SmallSpaceHome.BLOG/ff67a221c879b52cbdadba9d66a4a43c5a6ecca1/pinterest-pins/template-def-2026-08-12/vertical-storage-ideas-small-apartment-D.png,2026-08-24 23:00
Decor,"Vibey Apartment Living Room Ideas: Warm, Moody Styling","Vibey apartment living room ideas focused on mood, not layout — warm lighting, texture layering, and curated styling with real CAD prices from IKEA, HomeSense, and Structube. Save this pin for later!",https://smallspacehome.ca/blog/vibey-apartment-living-room-ideas,https://raw.githubusercontent.com/badreddineX/SmallSpaceHome.BLOG/ff67a221c879b52cbdadba9d66a4a43c5a6ecca1/pinterest-pins/template-def-2026-08-12/vibey-apartment-living-room-ideas-D.png,2026-08-25 19:00
Decor,7 Warm Earthy Color Palette Ideas for Small Rentals,"Warm earthy color palette ideas for small rental apartments, renter-friendly, no-drill, under $200 CAD. Save this pin for later!",https://smallspacehome.ca/blog/warm-earthy-color-palette-small-apartment,https://raw.githubusercontent.com/badreddineX/SmallSpaceHome.BLOG/ff67a221c879b52cbdadba9d66a4a43c5a6ecca1/pinterest-pins/template-def-2026-08-12/warm-earthy-color-palette-small-apartment-D.png,2026-08-25 20:00
